appid,name,developer,publisher,score_rank,positive,negative,userscore,owners,average_forever,average_2weeks,median_forever,median_2weeks,price,initialprice,discount,ccu,languages,genre,tags,Name,October 2021,September 2021,August 2021,July 2021,June 2021,May 2021
730,Counter-Strike: Global Offensive,"Valve, Hidden Path Entertainment",Valve,,5326804,716468,0,"50,000,000 .. 100,000,000",29817,828,7030,313,0,0,0,733346,"English, Czech, Danish, Dutch, Finnish, French, German, Hungarian, Italian, Japanese, Korean, Norwegian, Polish, Portuguese, Portuguese - Brazil, Romanian, Russian, Simplified Chinese, Spanish - Spain, Swedish, Thai, Traditional Chinese, Turkish, Bulgarian, Ukrainian, Greek, Spanish - Latin America, Vietnamese","Action, Free to Play","{'FPS': 87083, 'Shooter': 62473, 'Multiplayer': 59683, 'Competitive': 51133, 'Action': 45707, 'Team-Based': 44651, 'e-sports': 41508, 'Tactical': 39828, 'First-Person': 37819, 'PvP': 32999, 'Online Co-Op': 32734, 'Co-op': 29187, 'Strategy': 29062, 'Military': 27712, 'War': 27144, 'Difficult': 25221, 'Trading': 24796, 'Realistic': 24596, 'Fast-Paced': 24589, 'Moddable': 5876}", CounterStrike: Global Offensive,774921,799736,754773,732969,814927,968620
570,Dota 2,Valve,Valve,nan,1361978,263296,0,"100,000,000 .. 200,000,000",36004,1564,1066,813,0.0,0.0,0.0,535480,"English, Bulgarian, Czech, Danish, Dutch, Finnish, French, German, Greek, Hungarian, Italian, Japanese, Korean, Norwegian, Polish, Portuguese, Portuguese - Brazil, Romanian, Russian, Simplified Chinese, Spanish - Spain, Swedish, Thai, Traditional Chinese, Turkish, Ukrainian","Action, Free to Play, Strategy","{'Free to Play': 58118, 'MOBA': 19294, 'Multiplayer': 14524, 'Strategy': 13571, 'e-sports': 11020, 'Team-Based': 10406, 'Competitive': 7759, 'Action': 7546, 'Online Co-Op': 7046, 'PvP': 5577, 'Difficult': 4925, 'Co-op': 3946, 'RTS': 3814, 'Tower Defense': 3510, 'Fantasy': 3470, 'RPG': 3466, 'Character Customization': 2675, 'Replay Value': 2584, 'Action RPG': 2252, 'Simulation': 1773}",Dota 2,680495,595750.0,631519.0,635192.0,629225.0,622007.0
578080,PUBG: BATTLEGROUNDS,"KRAFTON, Inc.","KRAFTON, Inc.",nan,1027262,837059,0,"50,000,000 .. 100,000,000",26414,509,12140,172,2999.0,2999.0,0.0,202007,"English, Korean, Simplified Chinese, French, German, Spanish - Spain, Arabic, Japanese, Polish, Portuguese, Russian, Turkish, Thai, Italian, Portuguese - Brazil, Traditional Chinese, Ukrainian","Action, Adventure, Massively Multiplayer","{'Survival': 13557, 'Shooter': 11351, 'Multiplayer': 9837, 'Battle Royale': 9494, 'FPS': 7454, 'PvP': 7114, 'Third-Person Shooter': 6604, 'Action': 5493, 'Online Co-Op': 4883, 'Tactical': 4590, 'Co-op': 3903, 'First-Person': 3648, 'Strategy': 2807, 'Early Access': 2676, 'Competitive': 2041, 'Third Person': 1993, 'Team-Based': 1750, 'Difficult': 1490, 'Simulation': 1138, 'Stealth': 1055}",PUBG: BATTLEGROUNDS,337439,361994.0,394614.0,390789.0,386473.0,390918.0
440,Team Fortress 2,Valve,Valve,nan,778605,51931,0,"50,000,000 .. 100,000,000",9530,1142,346,220,0.0,0.0,0.0,96251,"English, Danish, Dutch, Finnish, French, German, Italian, Japanese, Norwegian, Polish, Portuguese, Russian, Simplified Chinese, Spanish - Spain, Swedish, Traditional Chinese, Korean, Czech, Hungarian, Portuguese - Brazil, Turkish, Greek, Bulgarian, Romanian, Thai, Ukrainian","Action, Free to Play","{'Free to Play': 61214, 'Hero Shooter': 60442, 'Multiplayer': 21646, 'FPS': 14503, 'Shooter': 11831, 'Action': 11357, 'Class-Based': 8934, 'Team-Based': 8566, 'Funny': 8407, 'First-Person': 7203, 'Online Co-Op': 6734, 'Competitive': 6595, 'Cartoony': 6584, 'Trading': 6376, 'Co-op': 5311, 'Comedy': 4748, 'Robots': 4256, 'Tactical': 3638, 'Cartoon': 3554, 'Crafting': 3399}",Team Fortress 2,96481,91658.0,82811.0,94640.0,119136.0,101173.0
304930,Unturned,Smartly Dressed Games,Smartly Dressed Games,nan,418857,39237,0,"20,000,000 .. 50,000,000",5000,2483,311,366,0.0,0.0,0.0,56276,English,"Action, Adventure, Casual, Free to Play, Indie","{'Free to Play': 36114, 'Survival': 15826, 'Zombies': 14789, 'Open World Survival Craft': 14489, 'Multiplayer': 13934, 'Open World': 12438, 'Adventure': 9373, 'Crafting': 9004, 'Action': 7925, 'First-Person': 7655, 'Co-op': 7337, 'Sandbox': 6810, 'Shooter': 6575, 'Post-apocalyptic': 6430, 'FPS': 5788, 'Singleplayer': 5440, 'Massively Multiplayer': 4384, 'Indie': 4156, 'Casual': 3720, 'Atmospheric': 3676}",Unturned,29749,29887.0,30350.0,29425.0,28417.0,28741.0
230410,Warframe,Digital Extremes,Digital Extremes,nan,415965,43899,0,"20,000,000 .. 50,000,000",10285,1163,413,550,0.0,0.0,0.0,51695,"English, German, French, Italian, Korean, Spanish - Spain, Simplified Chinese, Russian, Japanese, Polish, Portuguese - Brazil, Traditional Chinese, Turkish, Ukrainian","Action, Free to Play","{'Free to Play': 14780, 'Looter Shooter': 14446, 'Action': 8074, 'Multiplayer': 7253, 'Co-op': 7252, 'Third-Person Shooter': 6440, 'Sci-fi': 5713, 'Ninja': 5192, 'Shooter': 5043, 'Parkour': 4576, 'Space': 4432, 'Online Co-Op': 4269, 'Third Person': 3221, 'Futuristic': 3221, 'Massively Multiplayer': 3092, 'PvE': 2960, 'RPG': 2547, 'Hack and Slash': 2216, 'Singleplayer': 2099, 'FPS': 1805}",Warframe,58369,66865.0,67638.0,73133.0,55682.0,65531.0
105600,Terraria,Re-Logic,Re-Logic,nan,848986,17777,0,"20,000,000 .. 50,000,000",6562,362,2103,76,499.0,999.0,50.0,52464,"English, French, Italian, German, Spanish - Spain, Polish, Portuguese - Brazil, Russian, Simplified Chinese","Action, Adventure, Indie, RPG","{'Open World Survival Craft': 14440, 'Sandbox': 14220, 'Survival': 11015, '2D': 10676, 'Multiplayer': 10367, 'Adventure': 10149, 'Crafting': 9371, 'Pixel Graphics': 8846, 'Building': 8777, 'Exploration': 7629, 'Co-op': 6611, 'Open World': 6420, 'Indie': 5144, 'Online Co-Op': 5035, 'Action': 4893, 'RPG': 4434, 'Singleplayer': 4335, 'Replay Value': 3563, 'Platformer': 3485, 'Atmospheric': 2960}",Terraria,40345,34243.0,37817.0,37970.0,38879.0,42664.0
271590,Grand Theft Auto V,Rockstar North,Rockstar Games,nan,1042852,200566,0,"20,000,000 .. 50,000,000",12962,650,6344,168,1480.0,1480.0,0.0,99200,"English, French, Italian, German, Spanish - Spain, Korean, Polish, Portuguese - Brazil, Russian, Traditional Chinese, Japanese, Simplified Chinese, Spanish - Latin America","Action, Adventure","{'Open World': 29538, 'Action': 21596, 'Multiplayer': 19767, 'Automobile Sim': 17732, 'Crime': 17467, 'Third Person': 17303, 'First-Person': 17037, 'Shooter': 13476, 'Adventure': 12549, 'Mature': 12173, 'Singleplayer': 11232, 'Third-Person Shooter': 11006, 'Racing': 10621, 'Co-op': 9297, 'Atmospheric': 9251, 'Sandbox': 9106, 'Funny': 8526, 'Great Soundtrack': 8028, 'Comedy': 7826, 'Moddable': 5684}",Grand Theft Auto V,110644,123967.0,172172.0,167466.0,133049.0,126026.0
1063730,New World,Amazon Games,Amazon Games,nan,141237,59305,0,"20,000,000 .. 50,000,000",6525,1244,4027,652,2999.0,3999.0,25.0,140165,"English, French, Italian, German, Spanish - Spain, Polish, Portuguese - Brazil, Spanish - Latin America","Action, Adventure, Massively Multiplayer, RPG","{'Massively Multiplayer': 509, 'Open World': 465, 'MMORPG': 452, 'Adventure': 415, 'RPG': 413, 'Action': 364, 'PvP': 300, 'PvE': 289, 'Multiplayer': 225, 'Fantasy': 216, 'Character Customization': 190, 'Walking Simulator': 184, 'Crafting': 173, 'Third Person': 165, 'Open World Survival Craft': 124, 'Sandbox': 120, 'Co-op': 118, 'Violent': 110, 'Souls-like': 72, 'Sexual Content': 59}",New World,559590,603472.0,nan,nan,nan,nan
252490,Rust,Facepunch Studios,Facepunch Studios,nan,617698,93109,0,"20,000,000 .. 50,000,000",17724,1061,3373,624,2679.0,3999.0,33.0,67925,"English, French, Italian, German, Spanish - Spain, Japanese, Korean, Russian, Simplified Chinese, Ukrainian, Polish, Portuguese, Turkish, Arabic, Czech, Danish, Dutch, Finnish, Greek, Norwegian, Portuguese - Brazil, Spanish - Latin America, Swedish, Traditional Chinese, Vietnamese","Action, Adventure, Indie, Massively Multiplayer, RPG","{'Survival': 15841, 'Crafting': 9997, 'Multiplayer': 9792, 'Open World': 9271, 'Open World Survival Craft': 7146, 'Building': 6844, 'Sandbox': 6317, 'PvP': 6242, 'Adventure': 5044, 'First-Person': 4298, 'Action': 4062, 'FPS': 3819, 'Nudity': 3727, 'Co-op': 3043, 'Shooter': 3000, 'Online Co-Op': 2977, 'Indie': 2775, 'Early Access': 2686, 'Post-apocalyptic': 2370, 'Simulation': 2100}",Rust,87107,92190.0,106505.0,118552.0,106747.0,104590.0
291550,Brawlhalla,Blue Mammoth Games,Ubisoft,nan,216794,39579,0,"20,000,000 .. 50,000,000",2322,309,207,86,0.0,0.0,0.0,19470,"English, French, Italian, German, Spanish - Spain, Japanese, Korean, Portuguese - Brazil, Russian, Simplified Chinese, Traditional Chinese","Action, Free to Play, Indie","{'Free to Play': 3697, 'Multiplayer': 2652, 'Fighting': 2519, 'Casual': 1965, '2D Fighter': 1854, 'Fantasy': 1850, '2D Platformer': 1841, 'Family Friendly': 1831, 'Action': 1824, 'Cartoony': 1813, 'Local Multiplayer': 1812, 'Co-op': 1808, 'e-sports': 1804, 'Platformer': 1803, 'Online Co-Op': 1802, 'Controller': 1794, '4 Player Local': 1789, 'Local Co-Op': 1781, 'Singleplayer': 1776, 'Indie': 1775}",Brawlhalla,25710,23833.0,23431.0,21707.0,23323.0,25558.0
4000,Garry's Mod,Facepunch Studios,Valve,nan,739011,26002,0,"20,000,000 .. 50,000,000",9869,295,1703,190,669.0,999.0,33.0,24273,"English, French, Italian, German, Spanish - Spain, Bulgarian, Czech, Danish, Dutch, Finnish, Greek, Hungarian, Japanese, Korean, Norwegian, Polish, Portuguese, Portuguese - Brazil, Russian, Simplified Chinese, Swedish, Thai, Traditional Chinese, Turkish, Ukrainian","Indie, Simulation","{'Sandbox': 17166, 'Multiplayer': 13351, 'Funny': 11894, 'Moddable': 9494, 'Building': 9295, 'Comedy': 8041, 'Co-op': 7960, 'Mod': 7838, 'First-Person': 7684, 'Physics': 6561, 'Simulation': 6461, 'Online Co-Op': 6304, 'FPS': 5945, 'Singleplayer': 5855, 'Action': 5368, 'Shooter': 5174, 'Animation & Modeling': 5161, 'Indie': 4863, 'Adventure': 4511, 'Massively Multiplayer': 4508}",Garry's Mod,33063,32185.0,37432.0,37765.0,36130.0,35980.0
359550,Tom Clancy's Rainbow Six Siege,Ubisoft Montreal,Ubisoft,nan,875939,125956,0,"20,000,000 .. 50,000,000",13167,464,3049,152,799.0,1999.0,60.0,58996,"English, French, Italian, German, Spanish - Spain, Czech, Dutch, Japanese, Korean, Polish, Portuguese - Brazil, Russian, Traditional Chinese, Simplified Chinese, Turkish, Thai",Action,"{'FPS': 9078, 'Hero Shooter': 8622, 'Multiplayer': 7031, 'Tactical': 6382, 'Shooter': 6062, 'Team-Based': 5256, 'Action': 4614, 'First-Person': 4493, 'Competitive': 3686, 'Co-op': 3595, 'Strategy': 3535, 'Realistic': 3105, 'Online Co-Op': 2978, 'Destruction': 2801, 'Physics': 1697, 'Atmospheric': 1478, 'Singleplayer': 1354, 'Massively Multiplayer': 1336, 'Casual': 1119, 'Simulation': 1020}",Tom Clancy's Rainbow Six Siege,66823,82089.0,76410.0,80238.0,83549.0,87546.0
1172470,Apex Legends,Respawn Entertainment,Electronic Arts,nan,306338,47137,0,"20,000,000 .. 50,000,000",3925,587,577,266,0.0,0.0,0.0,142152,"English, French, Italian, German, Spanish - Spain, Japanese, Korean, Polish, Portuguese - Brazil, Russian, Simplified Chinese, Traditional Chinese","Action, Adventure, Free to Play","{'Free to Play': 974, 'Battle Royale': 691, 'Multiplayer': 691, 'Shooter': 664, 'First-Person': 627, 'FPS': 501, 'PvP': 499, 'Hero Shooter': 457, 'Action': 446, 'Team-Based': 437, 'Character Customization': 334, 'Survival': 334, 'Tactical': 327, 'Sci-fi': 326, 'Loot': 315, 'Funny': 308, 'Lore-Rich': 273, 'Cyberpunk': 261, 'Cinematic': 226, 'Science': 217}",Apex Legends,229028,237293.0,275148.0,226236.0,241257.0,265237.0
236390,War Thunder,Gaijin Entertainment,Gaijin Distribution KFT,nan,207292,54723,0,"20,000,000 .. 50,000,000",5712,650,315,229,0.0,0.0,0.0,27256,"English, German, French, Italian, Spanish - Spain, Simplified Chinese, Russian, Japanese, Polish, Czech, Turkish, Portuguese, Korean, Portuguese - Brazil, Hungarian, Ukrainian, Traditional Chinese, Romanian","Action, Free to Play, Massively Multiplayer, Simulation","{'Free to Play': 6180, 'World War II': 3393, 'Multiplayer': 3192, 'Simulation': 3150, 'War': 3123, 'Flight': 3115, 'Tanks': 3026, 'Military': 2736, 'Massively Multiplayer': 2163, 'Action': 2023, 'Realistic': 1828, 'Historical': 1639, 'Shooter': 1438, 'Team-Based': 1342, 'Cold War': 1331, 'Singleplayer': 1307, 'PvP': 1239, 'Naval': 1233, 'Online Co-Op': 1209, 'Physics': 1149}",War Thunder,35278,35764.0,33898.0,31439.0,34460.0,35477.0
218620,PAYDAY 2,OVERKILL - a Starbreeze Studio.,Starbreeze Publishing AB,nan,489770,61494,0,"20,000,000 .. 50,000,000",6100,2543,633,861,249.0,999.0,75.0,38203,"English, German, French, Italian, Spanish - Spain, Dutch, Russian, Japanese, Simplified Chinese, Spanish - Latin America, Korean","Action, RPG","{'Co-op': 9447, 'Action': 7310, 'FPS': 7187, 'Heist': 6741, 'Looter Shooter': 6127, 'Online Co-Op': 5901, 'Multiplayer': 5875, 'Stealth': 5849, 'Crime': 5374, 'Shooter': 4589, 'Team-Based': 4161, 'First-Person': 4095, 'Great Soundtrack': 3868, 'Gun Customization': 3532, 'Tactical': 3250, 'PvE': 2568, 'Strategy': 2233, 'Singleplayer': 1970, 'Simulation': 1506, 'Funny': 1473}",PAYDAY 2,40430,39567.0,41977.0,35900.0,44721.0,49756.0
238960,Path of Exile,Grinding Gear Games,Grinding Gear Games,nan,159077,16041,0,"20,000,000 .. 50,000,000",6852,1703,358,1300,0.0,0.0,0.0,31023,"English, Portuguese - Brazil, Russian, Thai, French, German, Spanish - Spain","Action, Adventure, Free to Play, Indie, Massively Multiplayer, RPG","{'Free to Play': 16730, 'Action RPG': 3182, 'Hack and Slash': 2885, 'RPG': 2634, 'Multiplayer': 2550, 'Massively Multiplayer': 1934, 'Loot': 1930, 'Dungeon Crawler': 1908, 'Character Customization': 1873, 'Inventory Management': 1849, 'MMORPG': 1448, 'Action': 1304, 'Fantasy': 1221, 'Adventure': 1147, 'Singleplayer': 1094, 'Isometric': 1091, 'Online Co-Op': 1061, 'PvP': 914, 'Horror': 913, 'Point & Click': 907}",Path of Exile,41676,19774.0,40463.0,30918.0,17828.0,53968.0
892970,Valheim,Iron Gate AB, Coffee Stain Publishing,nan,294326,13021,0,"10,000,000 .. 20,000,000",2519,370,1545,147,1599.0,1999.0,20.0,26773,"English, French, German, Spanish - Spain, Russian, Simplified Chinese, Turkish, Dutch, Japanese, Portuguese - Brazil, Polish, Ukrainian","Action, Adventure, Indie, RPG, Early Access","{'Open World Survival Craft': 1075, 'Survival': 1046, 'Online Co-Op': 1045, 'Open World': 1019, 'Crafting': 921, 'Multiplayer': 916, 'Building': 916, 'Exploration': 861, 'Co-op': 747, 'Base-Building': 724, 'Sandbox': 683, 'Adventure': 662, 'Mythology': 645, 'Sailing': 556, 'RPG': 553, 'Early Access': 539, 'Action': 483, 'Indie': 430, 'PvP': 413, 'Fishing': 395}",Valheim,37252,49165.0,23858.0,25334.0,28391.0,50281.0
1085660,Destiny 2,Bungie,Bungie,nan,358579,65568,0,"10,000,000 .. 20,000,000",7953,825,402,260,0.0,0.0,0.0,44373,"English, French, Italian, German, Spanish - Spain, Japanese, Korean, Polish, Portuguese - Brazil, Russian, Simplified Chinese, Spanish - Latin America, Traditional Chinese","Action, Adventure, Free to Play","{'Free to Play': 2281, 'PvP': 2236, 'Open World': 2228, 'Looter Shooter': 2227, 'FPS': 2221, 'PvE': 2198, 'MMORPG': 2164, 'Co-op': 2105, 'Shooter': 2093, 'First-Person': 2050, 'Sci-fi': 2038, 'Action': 2020, 'Lore-Rich': 2019, 'Massively Multiplayer': 2014, 'Loot': 2011, 'Competitive': 2001, 'Space': 1998, 'Adventure': 1981, 'Atmospheric': 1936, 'Cinematic': 1924}",Destiny 2,87965,119874.0,78696.0,65000.0,72981.0,97141.0
431960,Wallpaper Engine,Wallpaper Engine Team,Wallpaper Engine Team,nan,428400,9002,0,"10,000,000 .. 20,000,000",2708,115,618,12,399.0,399.0,0.0,77862,"English, German, Simplified Chinese, Polish, Portuguese - Brazil, French, Italian, Spanish - Spain, Finnish, Japanese, Korean, Swedish, Thai, Traditional Chinese, Turkish, Portuguese, Russian, Danish, Czech","Casual, Indie, Animation & Modeling, Design & Illustration, Photo Editing, Utilities","{'Mature': 1828, 'Utilities': 1577, 'Software': 1265, 'Anime': 1144, 'Design & Illustration': 990, 'Animation & Modeling': 795, 'Casual': 578, 'Memes': 485, 'Indie': 460, 'Cute': 409, 'Early Access': 381, 'Funny': 343, 'Action': 331, 'Singleplayer': 292, 'Music': 279, 'NSFW': 277, 'Sandbox': 221, 'Photo Editing': 201, 'Game Development': 143, 'Horror': 106}",Wallpaper Engine,63474,60518.0,57791.0,55115.0,55493.0,50254.0
1091500,Cyberpunk 2077,CD PROJEKT RED,CD PROJEKT RED,nan,355882,113232,0,"10,000,000 .. 20,000,000",3198,131,2652,69,2999.0,5999.0,50.0,21748,"English, French, Italian, German, Spanish - Spain, Arabic, Czech, Hungarian, Japanese, Korean, Polish, Portuguese - Brazil, Russian, Simplified Chinese, Spanish - Latin America, Thai, Traditional Chinese, Turkish",RPG,"{'Cyberpunk': 4985, 'Open World': 4192, 'RPG': 3740, 'Sci-fi': 3633, 'Futuristic': 3624, 'Singleplayer': 3578, 'FPS': 3464, 'Nudity': 3383, 'First-Person': 3298, 'Atmospheric': 3229, 'Exploration': 3137, 'Story Rich': 3131, 'Mature': 2980, 'Action': 2276, 'Violent': 1992, 'Great Soundtrack': 1776, 'Action RPG': 1735, 'Adventure': 1649, 'Character Customization': 677, 'Immersive Sim': 631}",Cyberpunk 2077,10565,13018.0,13354.0,12374.0,11349.0,13042.0
381210,Dead by Daylight,Behaviour Interactive Inc.,Behaviour Interactive Inc.,nan,453936,99938,0,"10,000,000 .. 20,000,000",8839,606,1447,214,999.0,1999.0,50.0,55478,"English, French, Italian, German, Spanish - Spain, Russian, Simplified Chinese, Portuguese - Brazil, Thai, Traditional Chinese, Japanese, Korean, Polish, Dutch, Spanish - Latin America, Swedish, Turkish",Action,"{'Horror': 39624, 'Survival Horror': 8982, 'Multiplayer': 8790, 'Online Co-Op': 6731, 'Survival': 6544, 'Co-op': 6505, 'Gore': 6469, 'Stealth': 6452, 'Team-Based': 6447, 'Blood': 6439, 'Third Person': 6429, 'Violent': 6410, 'First-Person': 6402, 'Action': 6367, 'Psychological Horror': 6366, 'Atmospheric': 6349, 'Strategy': 2005, 'Comedy': 1867, 'Mature': 1694, 'Difficult': 1415}",Dead by Daylight,67979,68197.0,64799.0,78500.0,65738.0,54371.0
252950,Rocket League,Psyonix LLC,Psyonix LLC,nan,482217,59978,0,"10,000,000 .. 20,000,000",14151,497,2853,261,0.0,0.0,0.0,47303,"English, French, Italian, German, Spanish - Spain, Dutch, Portuguese, Japanese, Korean, Russian, Turkish, Polish","Action, Indie, Racing, Sports","{'Multiplayer': 6522, 'Soccer': 5086, 'Competitive': 4510, 'Sports': 3958, 'Racing': 3860, 'Team-Based': 3365, 'Online Co-Op': 2825, 'Football': 2301, 'Fast-Paced': 2171, 'Co-op': 2117, 'Action': 1914, 'Funny': 1875, 'Great Soundtrack': 1647, 'Local Multiplayer': 1597, 'Split Screen': 1464, 'Local Co-Op': 1331, 'Singleplayer': 1218, '4 Player Local': 1194, 'Casual': 1184, 'Indie': 875}",Rocket League,55245,56901.0,60996.0,60168.0,66902.0,77741.0
227300,Euro Truck Simulator 2,SCS Software,SCS Software,nan,481877,11621,0,"10,000,000 .. 20,000,000",5795,227,1666,102,499.0,1999.0,75.0,32544,"English, German, French, Italian, Korean, Spanish - Spain, Simplified Chinese, Russian, Japanese, Portuguese, Polish, Danish, Dutch, Finnish, Norwegian, Swedish, Hungarian, Czech, Romanian, Turkish, Portuguese - Brazil, Bulgarian, Greek, Ukrainian","Indie, Simulation","{'Transportation': 11773, 'Driving': 11748, 'Automobile Sim': 11728, 'Open World': 11722, 'Simulation': 11720, 'Realistic': 11707, 'Immersive Sim': 11693, 'Moddable': 11679, 'Relaxing': 11675, 'Exploration': 11660, 'Economy': 11656, 'Management': 11646, 'Atmospheric': 11645, 'Multiplayer': 3673, 'Third Person': 3653, 'Family Friendly': 3650, 'Controller': 3642, 'Casual': 3586, 'Adventure': 3581, 'Indie': 3581}",Euro Truck Simulator 2,36466,35946.0,32579.0,34559.0,33848.0,37682.0
386360,SMITE,Titan Forge Games,Hi-Rez Studios,nan,74856,18102,0,"10,000,000 .. 20,000,000",5138,610,196,542,0.0,0.0,0.0,17615,"English, French, German, Spanish - Spain, Polish, Russian, Portuguese - Brazil, Turkish, Simplified Chinese, Japanese","Action, Free to Play","{'Free to Play': 2350, 'MOBA': 1334, 'Multiplayer': 1045, 'Action': 874, 'Third Person': 851, 'Mythology': 774, 'Team-Based': 598, 'Competitive': 559, 'PvP': 518, 'Strategy': 511, 'Co-op': 497, 'Massively Multiplayer': 368, 'e-sports': 330, 'RPG': 295, 'Adventure': 252, 'MMORPG': 236, 'Funny': 205, 'Casual': 184, 'Nudity': 182, 'Survival': 180}",SMITE,17639,19488.0,20114.0,19047.0,19398.0,20586.0
413150,Stardew Valley,ConcernedApe,ConcernedApe,nan,406524,8211,0,"10,000,000 .. 20,000,000",3160,310,1320,115,899.0,1499.0,40.0,29088,"English, German, Spanish - Spain, Japanese, Portuguese - Brazil, Russian, Simplified Chinese, French, Italian, Hungarian, Korean, Turkish","Indie, RPG, Simulation","{'Farming Sim': 5142, 'Life Sim': 5041, 'Pixel Graphics': 4814, 'RPG': 4804, 'Multiplayer': 4310, 'Agriculture': 4155, 'Relaxing': 4104, 'Simulation': 4098, 'Crafting': 3333, 'Sandbox': 3041, 'Indie': 2724, 'Building': 2619, 'Singleplayer': 2384, 'Casual': 2263, 'Open World': 2126, '2D': 1969, 'Great Soundtrack': 1898, 'Cute': 1826, 'Dating Sim': 1635, 'Fishing': 1562}",Stardew Valley,27547,29733.0,38528.0,35622.0,27250.0,28296.0
739630,Phasmophobia,Kinetic Games,Kinetic Games,nan,351252,10286,0,"10,000,000 .. 20,000,000",1417,178,765,106,1259.0,1399.0,10.0,16714,"English, Portuguese, Spanish - Spain, Portuguese - Brazil, German, French, Italian, Bulgarian, Czech, Danish, Dutch, Finnish, Greek, Hungarian, Japanese, Korean, Norwegian, Polish, Romanian, Russian, Simplified Chinese, Swedish, Traditional Chinese, Turkish, Ukrainian","Action, Indie, Early Access","{'Horror': 1858, 'Online Co-Op': 1203, 'Multiplayer': 1078, 'Psychological Horror': 898, 'Co-op': 825, 'VR': 692, 'Supernatural': 689, 'First-Person': 643, 'Investigation': 576, 'Dark': 474, 'Mystery': 427, 'Demons': 407, 'Detective': 407, 'Early Access': 348, 'Thriller': 292, '3D': 284, 'Indie': 279, 'Action': 244, 'Tactical': 219, 'Lovecraftian': 110}",Phasmophobia,30426,29849.0,24155.0,16095.0,17099.0,16632.0
346110,ARK: Survival Evolved,"Studio Wildcard, Instinct Games, Efecto Studios, Virtual Basement LLC",Studio Wildcard,nan,387162,91124,0,"10,000,000 .. 20,000,000",10073,693,1378,386,989.0,2999.0,67.0,49112,"English, French, Italian, German, Spanish - Spain, Russian, Portuguese - Brazil, Simplified Chinese, Czech, Danish, Dutch, Hungarian, Polish, Swedish, Thai, Traditional Chinese, Turkish, Ukrainian, Finnish, Japanese, Korean","Action, Adventure, Indie, Massively Multiplayer, RPG","{'Open World Survival Craft': 11836, 'Survival': 11091, 'Open World': 8642, 'Multiplayer': 8407, 'Dinosaurs': 8137, 'Crafting': 7195, 'Building': 6842, 'Adventure': 6075, 'Base-Building': 5354, 'Co-op': 4897, 'Action': 4551, 'First-Person': 4138, 'Sandbox': 4043, 'Massively Multiplayer': 3897, 'Singleplayer': 3587, 'Early Access': 3413, 'RPG': 2958, 'Dragons': 2919, 'Sci-fi': 2358, 'Indie': 1973}",ARK: Survival Evolved,51025,52985.0,61872.0,72583.0,98816.0,60292.0
8930,Sid Meier's Civilization V,"Firaxis Games, Aspyr (Mac), Aspyr (Linux)","2K, Aspyr (Mac), Aspyr (Linux)",nan,173370,6904,0,"5,000,000 .. 10,000,000",5638,189,2276,289,2999.0,2999.0,0.0,17881,"English, French, German, Italian, Spanish - Spain, Polish, Japanese, Korean, Russian, Traditional Chinese",Strategy,"{'Turn-Based Strategy': 4882, 'Strategy': 4286, 'Turn-Based': 2525, 'Multiplayer': 2338, 'Historical': 2139, '4X': 1684, 'Addictive': 1632, 'Singleplayer': 1569, 'Hex Grid': 1289, 'Grand Strategy': 1011, 'Replay Value': 820, 'Co-op': 748, 'Tactical': 706, 'Economy': 702, 'Diplomacy': 658, 'Moddable': 611, 'Simulation': 587, 'Classic': 456, 'Great Soundtrack': 440, 'Touch-Friendly': 297}",Sid Meier's Civilization V,20315,20532.0,21192.0,20179.0,20123.0,22110.0
377160,Fallout 4,Bethesda Game Studios,Bethesda Softworks,nan,210969,52027,0,"5,000,000 .. 10,000,000",6537,486,2414,454,799.0,1999.0,60.0,17729,"English, French, Italian, German, Spanish - Spain, Polish, Portuguese - Brazil, Russian, Traditional Chinese, Japanese",RPG,"{'Open World': 8945, 'Post-apocalyptic': 8140, 'Exploration': 6261, 'Singleplayer': 6227, 'RPG': 5735, 'Atmospheric': 4818, 'Adventure': 4786, 'Shooter': 4520, 'First-Person': 4102, 'Story Rich': 3973, 'Action': 3490, 'Sci-fi': 3459, 'FPS': 3390, 'Action RPG': 3065, 'Sandbox': 3006, 'Great Soundtrack': 2818, 'Third Person': 2747, 'Survival': 2548, 'Third-Person Shooter': 2176, 'Casual': 995}",Fallout 4,22310,20265.0,23408.0,17544.0,15705.0,16746.0
107410,Arma 3,Bohemia Interactive,Bohemia Interactive,nan,189525,20050,0,"5,000,000 .. 10,000,000",17942,1265,1819,822,749.0,2999.0,75.0,15741,"English, French, Italian, German, Spanish - Spain, Czech, Polish, Portuguese - Brazil, Russian, Japanese, Korean, Simplified Chinese, Traditional Chinese, Turkish","Action, Simulation, Strategy","{'Action': 5452, 'Multiplayer': 5288, 'Military': 5242, 'Simulation': 4772, 'Shooter': 4760, 'First-Person': 3950, 'Realistic': 3899, 'Open World': 3630, 'Tactical': 3485, 'FPS': 3368, 'War': 3211, 'Co-op': 3177, 'Strategy': 2584, 'Sandbox': 2445, 'Moddable': 1766, 'Combat': 1752, 'Online Co-Op': 1706, 'Singleplayer': 1696, 'Team-Based': 1619, 'Third-Person Shooter': 1601}",Arma 3,17997,19295.0,18776.0,18828.0,20428.0,26486.0
582660,Black Desert,Pearl Abyss,Pearl Abyss,nan,38313,12348,0,"5,000,000 .. 10,000,000",3211,103,301,103,99.0,999.0,90.0,17811,"English, French, German, Spanish - Spain, Japanese, Russian, Thai, Turkish, Traditional Chinese","Action, Adventure, Massively Multiplayer, RPG, Simulation, Strategy","{'MMORPG': 4460, 'Massively Multiplayer': 1115, 'RPG': 1029, 'Open World': 979, 'Character Customization': 908, 'Adventure': 755, 'Fantasy': 721, 'Strategy': 704, 'Action': 685, '3D': 638, 'Simulation': 597, 'Atmospheric': 588, 'Crafting': 573, 'Cooking': 564, 'Magic': 558, 'Medieval': 551, 'PvP': 512, 'Multiplayer': 502, 'War': 497, 'Combat': 478}",Black Desert,18997,20989.0,22904.0,26856.0,21628.0,20433.0
221100,DayZ,Bohemia Interactive,Bohemia Interactive,nan,196802,87964,0,"5,000,000 .. 10,000,000",15081,1106,2084,1124,2699.0,4499.0,40.0,35745,"English, French, Italian, German, Spanish - Spain, Czech, Russian, Simplified Chinese, Traditional Chinese, Japanese, Polish, Portuguese - Brazil","Action, Adventure, Massively Multiplayer","{'Survival': 14150, 'Zombies': 9384, 'Multiplayer': 9317, 'Open World': 8542, 'Action': 6180, 'PvP': 4804, 'Shooter': 4636, 'Massively Multiplayer': 4528, 'Horror': 3273, 'Simulation': 3084, 'Post-apocalyptic': 3057, 'Early Access': 3014, 'FPS': 2949, 'First-Person': 2420, 'Survival Horror': 2396, 'Sandbox': 2124, 'Adventure': 2060, 'Co-op': 1888, 'Indie': 1684, 'Atmospheric': 1683}",DayZ,33106,30072.0,30651.0,27881.0,27564.0,31707.0
489830,The Elder Scrolls V: Skyrim Special Edition,Bethesda Game Studios,Bethesda Softworks,nan,171819,18117,0,"5,000,000 .. 10,000,000",4445,686,1008,250,1319.0,3999.0,67.0,36508,"English, French, Italian, German, Spanish - Spain, Polish, Traditional Chinese, Russian, Japanese",RPG,"{'Open World': 4481, 'RPG': 3842, 'Adventure': 2834, 'Singleplayer': 2766, 'Fantasy': 2734, 'Character Customization': 2327, 'Dragons': 2017, 'Moddable': 1948, 'Story Rich': 1790, 'Magic': 1729, 'First-Person': 1567, 'Action': 1486, 'Atmospheric': 1447, 'Great Soundtrack': 1365, 'Third Person': 1101, 'Stealth': 981, 'Classic': 909, 'Remake': 749, 'Female Protagonist': 520, 'Walking Simulator': 518}",The Elder Scrolls V: Skyrim Special Edition,22395,24814.0,27305.0,24469.0,19533.0,21852.0
594570,Total War: WARHAMMER II,"CREATIVE ASSEMBLY, Feral Interactive (Mac), Feral Interactive (Linux)","SEGA, Feral Interactive (Mac), Feral Interactive (Linux)",nan,99482,6874,0,"2,000,000 .. 5,000,000",11693,315,5901,383,2039.0,5999.0,66.0,23817,"English, French, Italian, German, Spanish - Spain, Czech, Korean, Polish, Portuguese - Brazil, Russian, Turkish, Simplified Chinese, Traditional Chinese","Action, Strategy","{'Strategy': 1283, 'Fantasy': 788, 'Turn-Based Strategy': 664, 'RTS': 651, 'Grand Strategy': 613, 'War': 478, 'Multiplayer': 425, 'Games Workshop': 405, 'Action': 361, 'Turn-Based': 305, 'Singleplayer': 300, 'Dark Fantasy': 270, 'Co-op': 255, 'Tactical': 244, 'Real Time Tactics': 220, 'Atmospheric': 138, 'Story Rich': 137, 'Dinosaurs': 125, 'Great Soundtrack': 98, 'Warhammer 40K': 83}",Total War: WARHAMMER II,25403,25394.0,29024.0,40293.0,29422.0,28033.0
250900,The Binding of Isaac: Rebirth,"Nicalis, Inc., Edmund McMillen","Nicalis, Inc.",nan,174932,3913,0,"2,000,000 .. 5,000,000",9254,711,4752,226,1004.0,1499.0,33.0,17351,English,Action,"{'Action Roguelike': 3679, 'Rogue-like': 3195, 'Indie': 2815, 'Replay Value': 2661, 'Difficult': 2312, 'Pixel Graphics': 1870, 'Dungeon Crawler': 1607, 'Great Soundtrack': 1513, 'Singleplayer': 1447, 'Dark': 1432, '2D': 1170, 'Remake': 1160, 'Local Co-Op': 1119, 'Gore': 1062, 'Procedural Generation': 1001, 'Rogue-lite': 964, 'Atmospheric': 869, 'Action': 784, 'Co-op': 680, 'Horror': 674}",The Binding of Isaac: Rebirth,16541,17597.0,19675.0,22739.0,29524.0,45456.0
236850,Europa Universalis IV,"Paradox Development Studio, Paradox Tinto",Paradox Interactive,nan,85881,13949,0,"2,000,000 .. 5,000,000",13254,612,2482,437,999.0,3999.0,75.0,19746,"English, German, French, Spanish - Spain","Simulation, Strategy","{'Grand Strategy': 2597, 'Historical': 2573, 'Simulation': 2536, 'Alternate History': 2166, 'Economy': 2133, 'Military': 2115, 'Sandbox': 2101, 'Political': 2090, 'Diplomacy': 2087, 'Strategy': 2079, 'Real-Time with Pause': 2058, 'Nonlinear': 2046, 'Moddable': 2045, 'Replay Value': 2041, 'Management': 1129, 'Singleplayer': 1128, 'Multiplayer': 1122, 'Resource Management': 1095, 'Education': 1086, 'Great Soundtrack': 1082}",Europa Universalis IV,21596,21006.0,22285.0,20423.0,20060.0,21620.0
548430,Deep Rock Galactic,Ghost Ship Games,Coffee Stain Publishing,nan,107663,3425,0,"2,000,000 .. 5,000,000",2385,602,897,346,1499.0,2999.0,50.0,16252,"English, French, German, Spanish - Spain, Polish, Portuguese - Brazil, Russian, Simplified Chinese, Traditional Chinese, Ukrainian, Italian, Japanese, Korean, Turkish, Spanish - Latin America",Action,"{'Looter Shooter': 1144, 'Co-op': 1131, 'Loot': 1127, 'PvE': 1119, 'FPS': 1116, 'Exploration': 1113, 'Horror': 1106, 'Shooter': 1085, 'Procedural Generation': 1081, 'First-Person': 1076, 'Class-Based': 1049, 'Action Roguelike': 1048, 'Action': 1046, 'Sci-fi': 1045, 'Space': 1043, 'Combat': 1042, 'Atmospheric': 1034, 'Dark': 1012, 'Open World': 988, 'Survival': 986}",Deep Rock Galactic,6795,6679.0,5878.0,8498.0,7562.0,8804.0
394360,Hearts of Iron IV,Paradox Development Studio,Paradox Interactive,nan,144941,12642,0,"2,000,000 .. 5,000,000",12387,721,3505,487,999.0,3999.0,75.0,40423,"English, French, German, Polish, Portuguese - Brazil, Russian, Spanish - Spain","Simulation, Strategy","{'Strategy': 2389, 'World War II': 1949, 'Grand Strategy': 1803, 'Historical': 1532, 'War': 1505, 'Military': 1346, 'Alternate History': 1201, 'Multiplayer': 1024, 'Simulation': 900, 'Tactical': 807, 'Real-Time with Pause': 778, 'RTS': 738, 'Singleplayer': 728, 'Diplomacy': 633, 'Sandbox': 506, 'Co-op': 476, 'Great Soundtrack': 394, 'Open World': 357, 'Action': 302, 'Casual': 162}",Hearts of Iron IV,35405,35982.0,36166.0,34143.0,34462.0,36073.0
39210,FINAL FANTASY XIV Online,Square Enix,Square Enix,nan,43567,5171,0,"2,000,000 .. 5,000,000",11527,1059,5398,551,1999.0,1999.0,0.0,34539,"English, French, German, Japanese","Massively Multiplayer, RPG","{'MMORPG': 594, 'RPG': 422, 'Massively Multiplayer': 405, 'Fantasy': 360, 'JRPG': 312, 'Great Soundtrack': 301, 'Character Customization': 291, 'Open World': 282, 'Story Rich': 276, 'Anime': 261, 'Multiplayer': 179, 'Adventure': 166, 'Magic': 128, 'Action': 102, 'Atmospheric': 95, 'Co-op': 90, 'Action RPG': 76, 'Online Co-Op': 56, 'Female Protagonist': 39, 'Singleplayer': 36}",FINAL FANTASY XIV Online,36657,42859.0,54305.0,52402.0,32169.0,29471.0
306130,The Elder Scrolls Online,Zenimax Online Studios,Bethesda Softworks,nan,90954,20080,0,"2,000,000 .. 5,000,000",6353,508,1307,513,599.0,1999.0,70.0,22688,"English, French, German, Russian","Massively Multiplayer, RPG","{'RPG': 2517, 'MMORPG': 2284, 'Open World': 2088, 'Massively Multiplayer': 1989, 'Multiplayer': 1564, 'Fantasy': 1541, 'Adventure': 1252, 'First-Person': 921, 'Exploration': 877, 'Story Rich': 862, 'Third Person': 826, 'Magic': 806, 'Co-op': 784, 'Action': 780, 'Atmospheric': 637, 'Great Soundtrack': 593, 'Action RPG': 581, 'Singleplayer': 444, 'Sandbox': 364, 'Character Customization': 250}",The Elder Scrolls Online,24725,23345.0,26618.0,25439.0,28848.0,27216.0
294100,RimWorld,Ludeon Studios,Ludeon Studios,nan,117706,2041,0,"2,000,000 .. 5,000,000",16014,1044,6145,411,3149.0,3499.0,10.0,16736,"English, French, German, Polish, Russian, Italian, Spanish - Spain, Czech, Danish, Dutch, Hungarian, Japanese, Norwegian, Portuguese, Portuguese - Brazil, Simplified Chinese, Swedish, Traditional Chinese, Turkish, Ukrainian, Finnish, Korean, Romanian","Indie, Simulation, Strategy","{'Colony Sim': 3081, 'Base-Building': 3043, 'Survival': 2723, 'Strategy': 2133, 'Management': 2061, 'Sandbox': 2050, 'Building': 1627, 'Simulation': 1460, 'City Builder': 1218, 'Procedural Generation': 1182, 'Singleplayer': 1182, 'Open World': 1166, 'Moddable': 1165, '2D': 1146, 'Sci-fi': 1130, 'Indie': 1116, 'Western': 1111, 'Tactical RPG': 1111, 'Space': 1106, 'Cartoony': 1088}",RimWorld,20139,24089.0,34454.0,31741.0,18963.0,17662.0
1263850,Football Manager 2021,Sports Interactive,SEGA,nan,20599,1464,0,"1,000,000 .. 2,000,000",21088,1018,12159,1368,4999.0,4999.0,0.0,19817,"English, Italian, Spanish - Spain, French, German, Danish, Dutch, Greek, Korean, Norwegian, Polish, Portuguese, Russian, Simplified Chinese, Swedish, Traditional Chinese, Turkish","Simulation, Sports","{'Sports': 127, 'Simulation': 113, 'Management': 106, 'Multiplayer': 68, 'Singleplayer': 68, 'Soccer': 67, 'Football': 48, 'Strategy': 41, 'Co-op': 8}",Football Manager 2021,3551,61012.0,67876.0,65047.0,63565.0,67047.0
787860,Farming Simulator 19,Giants Software,Focus Home Interactive,nan,53162,3520,0,"1,000,000 .. 2,000,000",8868,505,2716,312,799.0,1999.0,60.0,14983,"English, French, Italian, German, Spanish - Spain, Czech, Dutch, Hungarian, Japanese, Korean, Polish, Portuguese, Portuguese - Brazil, Romanian, Russian, Simplified Chinese, Traditional Chinese, Turkish",Simulation,"{'Simulation': 815, 'Farming Sim': 716, 'Multiplayer': 513, 'Agriculture': 497, 'Realistic': 420, 'Open World': 385, 'Driving': 383, 'Management': 334, 'Singleplayer': 333, 'Automobile Sim': 331, 'Moddable': 298, 'Co-op': 286, 'Resource Management': 259, 'Relaxing': 247, 'First-Person': 187, 'Online Co-Op': 163, 'Economy': 148, 'Family Friendly': 128, 'Strategy': 125, 'Atmospheric': 124}",Farming Simulator 19,30000,29636.0,30236.0,27597.0,25171.0,28394.0
1454400,Cookie Clicker,"Orteil, DashNet",Playsaurus,nan,24439,508,0,"1,000,000 .. 2,000,000",12087,2645,9038,3724,499.0,499.0,0.0,17312,"English, French, Italian, German, Spanish - Spain, Czech, Dutch, Japanese, Polish, Portuguese - Brazil, Russian, Simplified Chinese","Casual, Indie, Simulation, Strategy","{'Clicker': 416, 'Idler': 370, 'Casual': 363, 'Indie': 346, 'Collectathon': 290, 'Pixel Graphics': 289, 'Management': 287, 'Economy': 261, 'Building': 246, 'Psychological Horror': 243, 'Funny': 239, 'Life Sim': 237, 'Strategy': 234, 'Memes': 223, 'Simulation': 222, 'Resource Management': 220, '2D': 216, 'Comedy': 211, 'Colorful': 209, 'Touch-Friendly': 205}",Cookie Clicker,36240,58511.0,13911.0,nan,nan,nan
1222670,The Sims 4,Maxis,Electronic Arts,nan,32170,3509,0,"1,000,000 .. 2,000,000",1688,536,550,755,479.0,3999.0,88.0,16186,"English, French, Italian, German, Spanish - Spain, Czech, Danish, Dutch, Japanese, Norwegian, Polish, Portuguese - Brazil, Russian, Swedish, Finnish, Traditional Chinese, Simplified Chinese, Korean","Casual, Simulation","{'Life Sim': 421, 'Character Customization': 407, 'Building': 388, 'Simulation': 382, 'Sexual Content': 330, 'Casual': 283, 'Singleplayer': 232, 'Relaxing': 223, 'Romance': 223, 'Funny': 210, 'Cute': 198, 'Family Friendly': 195, 'Multiplayer': 186, 'Immersive Sim': 174, 'Cartoony': 159, 'Realistic': 159, 'Fantasy': 159, 'Beautiful': 157, 'Atmospheric': 143, 'LGBTQ+': 77}",The Sims 4,11623,9602.0,12683.0,16604.0,10648.0,9217.0
1506830,FIFA 22,EA Canada,Electronic Arts,nan,16356,3669,0,"500,000 .. 1,000,000",3591,1103,4468,1215,3599.0,5999.0,40.0,50647,"English, French, Italian, German, Spanish - Spain, Arabic, Czech, Danish, Dutch, Japanese, Korean, Norwegian, Polish, Portuguese, Portuguese - Brazil, Russian, Simplified Chinese, Spanish - Latin America, Swedish, Traditional Chinese, Turkish","Simulation, Sports","{'Soccer': 305, 'Sports': 282, 'Competitive': 268, 'Simulation': 265, 'Multiplayer': 265, 'Football': 264, 'Realistic': 248, 'Singleplayer': 248, 'Online Co-Op': 242, 'Local Multiplayer': 242, 'Local Co-Op': 235, 'Controller': 231, 'PvP': 227, 'Family Friendly': 226, 'e-sports': 203, 'Immersive Sim': 179, 'Team-Based': 171, 'Physics': 171, 'Co-op': 148, 'Cinematic': 144}",FIFA 22,44046,37121.0,nan,nan,nan,nan
1569040,Football Manager 2022,Sports Interactive,SEGA,nan,6184,445,0,"200,000 .. 500,000",5091,2495,6833,3879,5499.0,5499.0,0.0,72616,"English, French, Italian, German, Spanish - Spain, Danish, Dutch, Greek, Korean, Norwegian, Polish, Portuguese, Russian, Simplified Chinese, Swedish, Traditional Chinese, Turkish","Simulation, Sports","{'Sports': 89, 'Management': 66, 'Real Time Tactics': 60, 'Soccer': 50, 'Simulation': 48, 'Football': 42, 'Strategy': 35, 'e-sports': 34, 'Character Customization': 32, '2D': 27, '3D': 27, 'Multiplayer': 25, 'Text-Based': 19, 'Singleplayer': 15, 'Fantasy': 10, 'Psychological Horror': 6}",Football Manager 2022,62418,nan,nan,nan,nan,nan
1623660,MIR4,Wemade Next,Wemade,nan,6117,3411,0,"0 .. 20,000",6275,5858,580,10313,0,0,0,0,"English, Traditional Chinese, Japanese, Simplified Chinese, Korean","Massively Multiplayer","{'PvE': 0, 'PvP': 0, 'MMORPG': 0, 'Demons': 0, 'Martial Arts': 0, 'RPG': 0, 'Open World': 0, 'Action': 0, 'RPG Hunting': 0, 'Action': 0, 'Fantasy': 0, '3D': 0, 'War': 0, 'Third Person': 0, 'Trading': 0, 'Massively Multiplayer': 0}",MIR4,51536,35021.0,13557.0,nan,nan,nan
289070,Sid Meier's Civilization VI,"Firaxis Games, Aspyr (Mac), Aspyr (Linux)","2K, Aspyr (Mac), Aspyr (Linux)",nan,159387,32562,0,"5,000,000 .. 10,000,000",4457,425,1393,303,899.0,5999.0,85.0,33759,"English, French, Italian, German, Spanish - Spain, Japanese, Korean, Polish, Portuguese - Brazil, Russian, Simplified Chinese, Traditional Chinese",Strategy,"{'Strategy': 2845, 'Turn-Based Strategy': 2095, 'Historical': 1364, 'Multiplayer': 1363, 'Singleplayer': 1120, 'Turn-Based': 1111, 'Grand Strategy': 1036, '4X': 956, 'War': 828, 'Simulation': 804, 'City Builder': 656, 'Tactical': 629, 'Great Soundtrack': 429, 'Moddable': 401, 'Building': 397, 'Management': 385, 'Online Co-Op': 377, 'Co-op': 357, 'Hex Grid': 286, 'Atmospheric': 145}",Sid Meier's Civilization VI,39656,52058.0,39724.0,46805.0,36647.0,38811.0
